freq            ,ref_ind         ,kappa           ,alpha           ,epsilon_r       ,epsilon_i       ,ref_ind_S       ,kappa_S         ,alpha_S         ,alpha_max       ,epsilonS_r      ,epsilonS_i      ,delta_N         ,delta_A         ,H_measure_r     ,H_measure_i     ,H_calc_r        ,H_calc_i        ,T_measure       ,T_calc          ,thickness       ,allThicknesses  ,QSnValue        ,QSkValue        ,Num_Thickness   ,N_std           ,delta_K         ,delta_Eps_1     ,delta_Eps_2     ,
+3.00439668e+011,+3.45948561e+000,+1.81088666e-002,+2.27896236e+000,+1.19677127e+001,+1.25294727e-001,+3.45948561e+000,+1.81088666e-002,+2.28054005e+000,+3.83903657e+002,+1.19677127e+001,+1.25294727e-001,+3.34303446e-004,+4.21939082e-002,+4.64595870e-001,+3.02826097e-001,+4.64595870e-001,+3.02826097e-001,+5.54574583e-001,+5.54574583e-001,+3.80000000e-004,+3.70000000e+002,+9.13117372e-001,+8.79027516e-001,+0.00000000e+000,+2.00000000e+000,+3.35045138e-004,+2.32517050e-003,+2.33027537e-003
+3.07767464e+011,+3.45892856e+000,+2.28500924e-002,+2.94577299e+000,+1.19636647e+001,+1.58073674e-001,+3.45892856e+000,+2.28500924e-002,+2.94781231e+000,+3.82117983e+002,+1.19636647e+001,+1.58073674e-001,+3.24393664e-004,+4.19374113e-002,+5.19815751e-001,+2.80302114e-001,+5.19815751e-001,+2.80302114e-001,+5.90574034e-001,+5.90574034e-001,                ,+3.71000000e+002,+8.11716608e-001,+7.81641625e-001,+0.00000000e+000,                ,+3.25079626e-004,+2.25896522e-003,+2.26367926e-003
+3.15095261e+011,+3.45480663e+000,+1.94338605e-002,+2.56501295e+000,+1.19353112e+001,+1.34280460e-001,+3.45480663e+000,+1.94338605e-002,+2.56678867e+000,+3.79564433e+002,+1.19353112e+001,+1.34280460e-001,+3.14002053e-004,+4.15565621e-002,+5.99614414e-001,+2.53274314e-001,+5.99614414e-001,+2.53274314e-001,+6.50911149e-001,+6.50911149e-001,                ,+3.72000000e+002,+7.11051305e-001,+6.84713607e-001,+0.00000000e+000,                ,+3.14636121e-004,+2.18186194e-003,+2.18621846e-003
+3.22423058e+011,+3.45271703e+000,+1.93572661e-002,+2.61431985e+000,+1.19208802e+001,+1.33670325e-001,+3.45271703e+000,+1.93572661e-002,+2.61612971e+000,+3.84968386e+002,+1.19208802e+001,+1.33670325e-001,+2.60736497e-004,+3.53064676e-002,+7.02219106e-001,+1.88336418e-001,+7.02219106e-001,+1.88336418e-001,+7.27036642e-001,+7.27036642e-001,                ,+3.73000000e+002,+6.11051494e-001,+5.88139145e-001,+0.00000000e+000,                ,+2.61239603e-004,+1.81061246e-003,+1.81406715e-003
+3.29750855e+011,+3.45378658e+000,+1.80330998e-002,+2.49083480e+000,+1.19283165e+001,+1.24564956e-001,+3.45378658e+000,+1.80330998e-002,+2.49255917e+000,+3.87308699e+002,+1.19283165e+001,+1.24564956e-001,+2.29722855e-004,+3.18111503e-002,+8.19288454e-001,+5.31947399e-002,+8.19288454e-001,+5.31947398e-002,+8.21013551e-001,+8.21013551e-001,                ,+3.74000000e+002,+5.11703806e-001,+4.91882289e-001,+0.00000000e+000,                ,+2.30146451e-004,+1.59512793e-003,+1.59803868e-003
+3.37078651e+011,+3.45176655e+000,+1.71328537e-002,+2.41907628e+000,+1.19143988e+001,+1.18277222e-001,+3.45176655e+000,+1.71328537e-002,+2.42075097e+000,+3.83151158e+002,+1.19143988e+001,+1.18277222e-001,+2.33981618e-004,+3.31183219e-002,+8.82840625e-001,-1.61646913e-001,+8.82840625e-001,-1.61646913e-001,+8.97517294e-001,+8.97517295e-001,                ,+3.75000000e+002,+4.13107425e-001,+3.96027914e-001,+0.00000000e+000,                ,+2.34394769e-004,+1.62333155e-003,+1.62616959e-003
+3.44406448e+011,+3.45244934e+000,+1.55925311e-002,+2.24945082e+000,+1.19191634e+001,+1.07664847e-001,+3.45244934e+000,+1.55925311e-002,+2.25100808e+000,+3.84386838e+002,+1.19191634e+001,+1.07664847e-001,+2.21133262e-004,+3.19777861e-002,+8.19753068e-001,-4.23884609e-001,+8.19753068e-001,-4.23884609e-001,+9.22861449e-001,+9.22861449e-001,                ,+3.76000000e+002,+3.15552977e-001,+3.00851345e-001,+0.00000000e+000,                ,+2.21507257e-004,+1.53381049e-003,+1.53638122e-003
+3.51734245e+011,+3.45229853e+000,+1.37900083e-002,+2.03173840e+000,+1.19181750e+001,+9.52144506e-002,+3.45229853e+000,+1.37900083e-002,+2.03314495e+000,+3.87936068e+002,+1.19181750e+001,+9.52144506e-002,+2.06816819e-004,+3.05417126e-002,+6.35481202e-001,-6.03176444e-001,+6.35481202e-001,-6.03176444e-001,+8.76161047e-001,+8.76161047e-001,                ,+3.77000000e+002,+2.19791733e-001,+2.07070644e-001,+0.00000000e+000,                ,+2.07152210e-004,+1.43370006e-003,+1.43600655e-003
+3.59062042e+011,+3.45281825e+000,+1.42861808e-002,+2.14869239e+000,+1.19217497e+001,+9.86551713e-002,+3.45281825e+000,+1.42861808e-002,+2.15017990e+000,+3.87756399e+002,+1.19217497e+001,+9.86551713e-002,+2.14120382e-004,+3.22769036e-002,+4.30594883e-001,-6.52346287e-001,+4.30594884e-001,-6.52346287e-001,+7.81644185e-001,+7.81644185e-001,                ,+3.78000000e+002,+1.28646491e-001,+1.17489519e-001,+0.00000000e+000,                ,+2.14453534e-004,+1.48476497e-003,+1.48705608e-003
+3.66389838e+011,+3.45210995e+000,+1.28920472e-002,+1.97858137e+000,+1.19168969e+001,+8.90095289e-002,+3.45210995e+000,+1.28920472e-002,+1.97995112e+000,+3.87093745e+002,+1.19168969e+001,+8.90095289e-002,+2.25555407e-004,+3.46924114e-002,+2.81590202e-001,-6.36477142e-001,+2.81590202e-001,-6.36477142e-001,+6.95985772e-001,+6.95985772e-001,                ,+3.79000000e+002,+6.28398279e-002,+5.56829409e-002,+2.50000000e+001,                ,+2.25892549e-004,+1.56310857e-003,+1.56542757e-003
+3.73717635e+011,+3.45267230e+000,+1.25436770e-002,+1.96361826e+000,+1.19207887e+001,+8.66184120e-002,+3.45285185e+000,+1.24309142e-002,+1.94731326e+000,+3.88098098e+002,+1.19220313e+001,+8.58442098e-002,+2.30785206e-004,+3.62046379e-002,+1.81166443e-001,-5.97331137e-001,+1.81166443e-001,-5.97331137e-001,+6.24200102e-001,+6.24200102e-001,                ,+3.80000000e+002,+1.00589110e-001,+1.02601628e-001,+2.20000000e+001,                ,+2.31116767e-004,+1.59948023e-003,+1.60176166e-003
+3.81045432e+011,+3.45359374e+000,+1.19697811e-002,+1.91051996e+000,+1.19271664e+001,+8.26775224e-002,+3.45359374e+000,+1.19697811e-002,+1.91184258e+000,+3.88247680e+002,+1.19271664e+001,+8.26775224e-002,+2.37771037e-004,+3.80298351e-002,+1.15834697e-001,-5.61585344e-001,+1.15834697e-001,-5.61585344e-001,+5.73407164e-001,+5.73407164e-001,                ,+3.81000000e+002,+1.86108352e-001,+1.89186140e-001,+0.00000000e+000,                ,+2.38099521e-004,+1.64802913e-003,+1.65029017e-003
+3.88373229e+011,+3.45370587e+000,+1.10900399e-002,+1.80414318e+000,+1.19279613e+001,+7.66034716e-002,+3.45370587e+000,+1.10900399e-002,+1.80539217e+000,+3.89578197e+002,+1.19279613e+001,+7.66034716e-002,+2.35841988e-004,+3.84447299e-002,+7.23208433e-002,-5.37413238e-001,+7.23208433e-002,-5.37413238e-001,+5.42257589e-001,+5.42257589e-001,                ,+3.82000000e+002,+2.77581852e-001,+2.80280101e-001,+0.00000000e+000,                ,+2.36155665e-004,+1.63429567e-003,+1.63645540e-003
+3.95701026e+011,+3.45479392e+000,+1.05066706e-002,+1.74148967e+000,+1.19354906e+001,+7.25967637e-002,+3.45479392e+000,+1.05066706e-002,+1.74269528e+000,+3.88753650e+002,+1.19354906e+001,+7.25967637e-002,+2.39685373e-004,+3.98064777e-002,+3.87668870e-002,-5.25317966e-001,+3.87668870e-002,-5.25317966e-001,+5.26746464e-001,+5.26746464e-001,                ,+3.83000000e+002,+3.69982872e-001,+3.72086655e-001,+0.00000000e+000,                ,+2.39992358e-004,+1.66117018e-003,+1.66328487e-003
+4.03028822e+011,+3.45435770e+000,+9.82273107e-003,+1.65827659e+000,+1.19324906e+001,+6.78624533e-002,+3.45435770e+000,+9.82273107e-003,+1.65942459e+000,+3.89718086e+002,+1.19324906e+001,+6.78624533e-002,+2.31044764e-004,+3.90802529e-002,+1.05689557e-002,-5.26727864e-001,+1.05689557e-002,-5.26727864e-001,+5.26833888e-001,+5.26833888e-001,                ,+3.84000000e+002,+4.62217754e-001,+4.63743076e-001,+0.00000000e+000,                ,+2.31330075e-004,+1.60076710e-003,+1.60273263e-003
+4.10356619e+011,+3.45535869e+000,+8.57384613e-003,+1.47375651e+000,+1.19394302e+001,+5.92514276e-002,+3.45535869e+000,+8.57384613e-003,+1.47477677e+000,+3.90345232e+002,+1.19394302e+001,+5.92514276e-002,+2.19810303e-004,+3.78543322e-002,-2.08616119e-002,-5.42267037e-001,-2.08616119e-002,-5.42267037e-001,+5.42668173e-001,+5.42668173e-001,                ,+3.85000000e+002,+5.53904613e-001,+5.54930568e-001,+0.00000000e+000,                ,+2.20072099e-004,+1.52282061e-003,+1.52462532e-003
+4.17684416e+011,+3.45618416e+000,+9.82369151e-003,+1.71874559e+000,+1.19451125e+001,+6.79049740e-002,+3.45618416e+000,+9.82369151e-003,+1.71993545e+000,+3.90437948e+002,+1.19451125e+001,+6.79049740e-002,+2.08172458e-004,+3.64887980e-002,-6.19159346e-002,-5.69243426e-001,-6.19159346e-002,-5.69243426e-001,+5.72600787e-001,+5.72600787e-001,                ,+3.86000000e+002,+6.44867423e-001,+6.45491793e-001,+0.00000000e+000,                ,+2.08411714e-004,+1.44305945e-003,+1.44470857e-003
+4.25012213e+011,+3.45567077e+000,+1.06229649e-002,+1.89119262e+000,+1.19415476e+001,+7.34189384e-002,+3.45567904e+000,+1.06704063e-002,+1.90095365e+000,+3.89704654e+002,+1.19416038e+001,+7.37469991e-002,+1.97435153e-004,+3.52125095e-002,-1.20273589e-001,-6.08735915e-001,-1.20273589e-001,-6.08735915e-001,+6.20503949e-001,+6.20503949e-001,                ,+3.87000000e+002,+7.35009018e-001,+7.35333180e-001,+0.00000000e+000,                ,+1.97654364e-004,+1.36876315e-003,+1.37027351e-003
+4.32340009e+011,+3.45517392e+000,+1.15171212e-002,+2.08572945e+000,+1.19380942e+001,+7.95873133e-002,+3.45517392e+000,+1.15171212e-002,+2.08717337e+000,+3.91326683e+002,+1.19380942e+001,+7.95873133e-002,+1.77446941e-004,+3.21920590e-002,-2.11763090e-001,-6.54270524e-001,-2.11763090e-001,-6.54270524e-001,+6.87687084e-001,+6.87687084e-001,                ,+3.88000000e+002,+8.24269236e-001,+8.24392368e-001,+0.00000000e+000,                ,+1.77637301e-004,+1.23031182e-003,+1.23162290e-003
+4.39667806e+011,+3.45422572e+000,+1.14220186e-002,+2.10356598e+000,+1.19315448e+001,+7.89084608e-002,+3.45422572e+000,+1.14220186e-002,+2.10502225e+000,+3.90413238e+002,+1.19315448e+001,+7.89084608e-002,+1.66988046e-004,+3.08070183e-002,-3.52381202e-001,-6.89428791e-001,-3.52381202e-001,-6.89428791e-001,+7.74263889e-001,+7.74263889e-001,                ,+3.89000000e+002,+9.12608377e-001,+9.12625203e-001,+0.00000000e+000,                ,+1.67161338e-004,+1.15744745e-003,+1.15864067e-003
+4.46995603e+011,+3.45344720e+000,+1.04695470e-002,+1.96028742e+000,+1.19261880e+001,+7.23120558e-002,+3.45344720e+000,+1.04695470e-002,+1.96164450e+000,+3.89526298e+002,+1.19261880e+001,+7.23120558e-002,+1.58424107e-004,+2.97132065e-002,-5.52301896e-001,-6.70940622e-001,-5.52301896e-001,-6.70940622e-001,+8.69021693e-001,+8.69021693e-001,                ,+3.90000000e+002,+1.00000000e+000,+1.00000000e+000,+0.00000000e+000,                ,+1.58583175e-004,+1.09753916e-003,+1.09863450e-003
+4.54323400e+011,+3.45346516e+000,+9.54342295e-003,+1.81617581e+000,+1.19263306e+001,+6.59157574e-002,+3.45341939e+000,+9.48081881e-003,+1.80551090e+000,+3.93138595e+002,+1.19260156e+001,+6.54824870e-002,+1.41256850e-004,+2.69268647e-002,-7.68744845e-001,-5.30309450e-001,-7.68744845e-001,-5.30309450e-001,+9.33914744e-001,+9.33914744e-001,                ,                ,                ,                ,                ,                ,+1.41394176e-004,+9.78319354e-004,+9.79265238e-004
+4.61651196e+011,+3.45339157e+000,+8.49209060e-003,+1.64216652e+000,+1.19258413e+001,+5.86530283e-002,+3.45339157e+000,+8.49209060e-003,+1.64330337e+000,+3.92711093e+002,+1.19258413e+001,+5.86530283e-002,+1.40590620e-004,+2.72312903e-002,-8.83973418e-001,-2.77758171e-001,-8.83973418e-001,-2.77758171e-001,+9.26584376e-001,+9.26584376e-001,                ,                ,                ,                ,                ,                ,+1.40723003e-004,+9.73418992e-004,+9.74331079e-004
+4.68978993e+011,+3.45349589e+000,+8.75209267e-003,+1.71930888e+000,+1.19265572e+001,+6.04506321e-002,+3.45349589e+000,+8.75209267e-003,+1.72049913e+000,+3.91247956e+002,+1.19265572e+001,+6.04506321e-002,+1.47845408e-004,+2.90901708e-002,-8.45570119e-001,-3.41943284e-002,-8.45570119e-001,-3.41943285e-002,+8.46261235e-001,+8.46261235e-001,                ,                ,                ,                ,                ,                ,+1.47980238e-004,+1.02375729e-003,+1.02468620e-003
+4.76306790e+011,+3.45317110e+000,+7.64406165e-003,+1.52510436e+000,+1.19243322e+001,+5.27925055e-002,+3.45317110e+000,+7.64406165e-003,+1.52616017e+000,+3.92467728e+002,+1.19243322e+001,+5.27925055e-002,+1.50264688e-004,+3.00273425e-002,-7.43756143e-001,+1.21538145e-001,-7.43756143e-001,+1.21538145e-001,+7.53621073e-001,+7.53621073e-001,                ,                ,                ,                ,                ,                ,+1.50397620e-004,+1.04007865e-003,+1.04099470e-003
+4.83634587e+011,+3.45296525e+000,+7.39647911e-003,+1.49841115e+000,+1.19229143e+001,+5.10795706e-002,+3.45296525e+000,+7.39647911e-003,+1.49944848e+000,+3.93293679e+002,+1.19229143e+001,+5.10795706e-002,+1.55219880e-004,+3.14938821e-002,-6.37748230e-001,+2.01961574e-001,-6.37748230e-001,+2.01961574e-001,+6.68962841e-001,+6.68962841e-001,                ,                ,                ,                ,                ,                ,+1.55353015e-004,+1.07423583e-003,+1.07515328e-003
+4.90962384e+011,+3.45461306e+000,+7.02904738e-003,+1.44555060e+000,+1.19343020e+001,+4.85652778e-002,+3.45461306e+000,+7.02904738e-003,+1.44655134e+000,+3.91916182e+002,+1.19343020e+001,+4.85652778e-002,+1.66681572e-004,+3.43309851e-002,-5.51910947e-001,+2.44207995e-001,-5.51910947e-001,+2.44207995e-001,+6.03525673e-001,+6.03525673e-001,                ,                ,                ,                ,                ,                ,+1.66820295e-004,+1.15398585e-003,+1.15494237e-003
+4.98290180e+011,+3.45280319e+000,+4.93591672e-003,+1.03024084e+000,+1.19218255e+001,+3.40854980e-002,+3.45280319e+000,+4.93591672e-003,+1.03095406e+000,+3.92605544e+002,+1.19218255e+001,+3.40854980e-002,+1.68991505e-004,+3.53254158e-002,-4.97888882e-001,+2.66998673e-001,-4.97888882e-001,+2.66998673e-001,+5.64961619e-001,+5.64961619e-001,                ,                ,                ,                ,                ,                ,+1.69128109e-004,+1.16865842e-003,+1.16960040e-003
+5.05617977e+011,+3.45503810e+000,+6.72731703e-003,+1.42479706e+000,+1.19372430e+001,+4.64862732e-002,+3.45503810e+000,+6.72731703e-003,+1.42578343e+000,+3.92527181e+002,+1.19372430e+001,+4.64862732e-002,+1.72655506e-004,+3.66212127e-002,-4.54577442e-001,+2.83247603e-001,-4.54577442e-001,+2.83247603e-001,+5.35602330e-001,+5.35602330e-001,                ,                ,                ,                ,                ,                ,+1.72790975e-004,+1.19538754e-003,+1.19632182e-003
+5.12945774e+011,+3.45632478e+000,+2.63619305e-003,+5.66418300e-001,+1.19461740e+001,+1.82230787e-002,+3.45632478e+000,+2.63619305e-003,+5.66810424e-001,+3.93108256e+002,+1.19461740e+001,+1.82230787e-002,+1.69245807e-004,+3.64174401e-002,-4.33470406e-001,+3.06806655e-001,-4.33470406e-001,+3.06806655e-001,+5.31062065e-001,+5.31062065e-001,                ,                ,                ,                ,                ,                ,+1.69374801e-004,+1.17082996e-003,+1.17172097e-003
+5.20273571e+011,+3.45593381e+000,+4.97402374e-003,+1.08399737e+000,+1.19434538e+001,+3.43797936e-002,+3.45593381e+000,+4.97402374e-003,+1.08474780e+000,+3.92161848e+002,+1.19434538e+001,+3.43797936e-002,+1.69176209e-004,+3.69217161e-002,-4.19764414e-001,+3.30833213e-001,-4.19764414e-001,+3.30833213e-001,+5.34464945e-001,+5.34464945e-001,                ,                ,                ,                ,                ,                ,+1.69301557e-004,+1.17100778e-003,+1.17187292e-003
+5.27601367e+011,+3.45836826e+000,+8.51082877e-003,+1.88090289e+000,+1.19602386e+001,+5.88671602e-002,+3.45836826e+000,+8.51082877e-003,+1.88220502e+000,+3.90166224e+002,+1.19602386e+001,+5.88671602e-002,+1.69445215e-004,+3.75004973e-002,-4.09523714e-001,+3.70943858e-001,-4.09523714e-001,+3.70943858e-001,+5.52547751e-001,+5.52547751e-001,                ,                ,                ,                ,                ,                ,+1.69567241e-004,+1.17489423e-003,+1.17573617e-003
+5.34929164e+011,+3.45698461e+000,+5.90857702e-003,+1.32393842e+000,+1.19507077e+001,+4.08517196e-002,+3.45698461e+000,+5.90857702e-003,+1.32485497e+000,+3.92259951e+002,+1.19507077e+001,+4.08517196e-002,+1.53255729e-004,+3.43879580e-002,-4.12916379e-001,+4.28458797e-001,-4.12916379e-001,+4.28458797e-001,+5.95043593e-001,+5.95043593e-001,                ,                ,                ,                ,                ,                ,+1.53363125e-004,+1.06141771e-003,+1.06215897e-003
+5.42256961e+011,+3.45554927e+000,+9.16481690e-003,+2.08169710e+000,+1.19407368e+001,+6.33389528e-002,+3.45554927e+000,+9.16481690e-003,+2.08313823e+000,+3.89100190e+002,+1.19407368e+001,+6.33389528e-002,+1.52970304e-004,+3.47934568e-002,-3.99432546e-001,+5.06801913e-001,-3.99432546e-001,+5.06801913e-001,+6.45286400e-001,+6.45286400e-001,                ,                ,                ,                ,                ,                ,+1.53074653e-004,+1.05999865e-003,+1.06071790e-003
+5.49584758e+011,+3.45784963e+000,+7.08031855e-003,+1.62995677e+000,+1.19566739e+001,+4.89653537e-002,+3.45784963e+000,+7.08031855e-003,+1.63108517e+000,+3.85893593e+002,+1.19566739e+001,+4.89653537e-002,+1.49406712e-004,+3.44415084e-002,-3.69093945e-001,+6.34791455e-001,-3.69093945e-001,+6.34791455e-001,+7.34295943e-001,+7.34295943e-001,                ,                ,                ,                ,                ,                ,+1.49505897e-004,+1.03536898e-003,+1.03605352e-003
+5.56912554e+011,+3.45490264e+000,+1.00875577e-002,+2.35321523e+000,+1.19362505e+001,+6.97030596e-002,+3.45490264e+000,+1.00875577e-002,+2.35484433e+000,+3.57851813e+002,+1.19362505e+001,+6.97030596e-002,+2.39539338e-004,+5.59543401e-002,-2.74529128e-001,+7.61757753e-001,-2.74529128e-001,+7.61757752e-001,+8.09716688e-001,+8.09716688e-001,                ,                ,                ,                ,                ,                ,+2.39694246e-004,+1.66000604e-003,+1.66107330e-003
+5.64240351e+011,+3.45383871e+000,+8.76035253e-003,+2.07049570e+000,+1.19289251e+001,+6.05136893e-002,+3.45383871e+000,+8.76035253e-003,+2.07192908e+000,+3.80289582e+002,+1.19289251e+001,+6.05136893e-002,+1.47501623e-004,+3.49079079e-002,-9.71318722e-002,+8.92851850e-001,-9.71318723e-002,+8.92851850e-001,+8.98119718e-001,+8.98119718e-001,                ,                ,                ,                ,                ,                ,+1.47594617e-004,+1.02147959e-003,+1.02212034e-003
+5.71568148e+011,+3.45341977e+000,+6.14415183e-003,+1.47101997e+000,+1.19260703e+001,+4.24366708e-002,+3.45341977e+000,+6.14415183e-003,+1.47203833e+000,+3.88370916e+002,+1.19260703e+001,+4.24366708e-002,+1.22121756e-004,+2.92763465e-002,+1.71060700e-001,+9.34175768e-001,+1.71060700e-001,+9.34175768e-001,+9.49708444e-001,+9.49708444e-001,                ,                ,                ,                ,                ,                ,+1.22196762e-004,+8.44976966e-004,+8.45494099e-004
+5.78895945e+011,+3.45352158e+000,+6.95332412e-003,+1.68609325e+000,+1.19267629e+001,+4.80269098e-002,+3.45352158e+000,+6.95332412e-003,+1.68726051e+000,+3.90389782e+002,+1.19267629e+001,+4.80269098e-002,+1.18657013e-004,+2.88099881e-002,+4.09137496e-001,+7.99774170e-001,+4.09137496e-001,+7.99774170e-001,+8.98349717e-001,+8.98349717e-001,                ,                ,                ,                ,                ,                ,+1.18728070e-004,+8.21220217e-004,+8.21710028e-004
+5.86223742e+011,+3.45421678e+000,+5.02890836e-003,+1.23488278e+000,+1.19315883e+001,+3.47418793e-002,+3.45421678e+000,+5.02890836e-003,+1.23573767e+000,+3.88554926e+002,+1.19315883e+001,+3.47418793e-002,+1.26634394e-004,+3.11356356e-002,+5.38259801e-001,+6.11610324e-001,+5.38259801e-001,+6.11610324e-001,+8.14733577e-001,+8.14733577e-001,                ,                ,                ,                ,                ,                ,+1.26708331e-004,+8.76119706e-004,+8.76629754e-004
+5.93551538e+011,+3.45336548e+000,+5.85043216e-003,+1.45457122e+000,+1.19256989e+001,+4.04073609e-002,+3.45336548e+000,+5.85043216e-003,+1.45557820e+000,+3.90626882e+002,+1.19256989e+001,+4.04073609e-002,+1.28125655e-004,+3.18956177e-002,+5.57263159e-001,+4.50949696e-001,+5.57263159e-001,+4.50949696e-001,+7.16866694e-001,+7.16866694e-001,                ,                ,                ,                ,                ,                ,+1.28198641e-004,+8.86429460e-004,+8.86932702e-004
+6.00879335e+011,+3.45576909e+000,+4.97054140e-003,+1.25106413e+000,+1.19423153e+001,+3.43540866e-002,+3.45576909e+000,+4.97054140e-003,+1.25193022e+000,+3.89359107e+002,+1.19423153e+001,+3.43540866e-002,+1.38281240e-004,+3.48482474e-002,+5.46360959e-001,+3.29343986e-001,+5.46360959e-001,+3.29343986e-001,+6.37948085e-001,+6.37948085e-001,                ,                ,                ,                ,                ,                ,+1.38358075e-004,+9.57111500e-004,+9.57641785e-004
+6.08207132e+011,+3.45375553e+000,+3.88844934e-003,+9.90641604e-001,+1.19284121e+001,+2.68595068e-002,+3.45375553e+000,+3.88844934e-003,+9.91327411e-001,+3.88890801e+002,+1.19284121e+001,+2.68595068e-002,+1.44863254e-004,+3.69516982e-002,+5.27494650e-001,+2.59490567e-001,+5.27494650e-001,+2.59490567e-001,+5.87865597e-001,+5.87865597e-001,                ,                ,                ,                ,                ,                ,+1.44941828e-004,+1.00177173e-003,+1.00231386e-003
+6.15534929e+011,+3.45592090e+000,+5.39711081e-003,+1.39156227e+000,+1.19433602e+001,+3.73039761e-002,+3.45592090e+000,+5.39711081e-003,+1.39252563e+000,+3.90001402e+002,+1.19433602e+001,+3.73039761e-002,+1.46613081e-004,+3.78481319e-002,+5.07745893e-001,+2.05061384e-001,+5.07745893e-001,+2.05061384e-001,+5.47591146e-001,+5.47591146e-001,                ,                ,                ,                ,                ,                ,+1.46690701e-004,+1.01494983e-003,+1.01548550e-003
+6.22862725e+011,+3.45645555e+000,+2.75580209e-003,+7.19000143e-001,+1.19470774e+001,+1.90506149e-002,+3.45645555e+000,+2.75580209e-003,+7.19497896e-001,+3.87893703e+002,+1.19470774e+001,+1.90506149e-002,+1.53438384e-004,+4.00811317e-002,+5.05866329e-001,+1.69193459e-001,+5.05866329e-001,+1.69193459e-001,+5.33410882e-001,+5.33410882e-001,                ,                ,                ,                ,                ,                ,+1.53517706e-004,+1.06155204e-003,+1.06209995e-003
+6.30190522e+011,+3.45558935e+000,+4.66077701e-003,+1.23032203e+000,+1.19410760e+001,+3.22114628e-002,+3.45558935e+000,+4.66077701e-003,+1.23117377e+000,+3.88510495e+002,+1.19410760e+001,+3.22114628e-002,+1.50890295e-004,+3.98787569e-002,+5.08608872e-001,+1.42664399e-001,+5.08608872e-001,+1.42664399e-001,+5.28238691e-001,+5.28238691e-001,                ,                ,                ,                ,                ,                ,+1.50966499e-004,+1.04423704e-003,+1.04476299e-003
+6.37518319e+011,+3.45783067e+000,+5.96403601e-003,+1.59265436e+000,+1.19565573e+001,+4.12452532e-002,+3.45783067e+000,+5.96403601e-003,+1.59375693e+000,+3.88717311e+002,+1.19565573e+001,+4.12452532e-002,+1.46442768e-004,+3.91529013e-002,+5.27542812e-001,+1.12895864e-001,+5.27542812e-001,+1.12895864e-001,+5.39487623e-001,+5.39487623e-001,                ,                ,                ,                ,                ,                ,+1.46515010e-004,+1.01449623e-003,+1.01499497e-003
+6.44846116e+011,+3.45598929e+000,+5.58507705e-003,+1.50859918e+000,+1.19438308e+001,+3.86039330e-002,+3.45598929e+000,+5.58507705e-003,+1.50964356e+000,+3.86391020e+002,+1.19438308e+001,+3.86039330e-002,+1.46381477e-004,+3.95859260e-002,+5.61436369e-001,+8.57093321e-002,+5.61436369e-001,+8.57093321e-002,+5.67940918e-001,+5.67940918e-001,                ,                ,                ,                ,                ,                ,+1.46452085e-004,+1.01342152e-003,+1.01390878e-003
+6.52173912e+011,+3.45590595e+000,+6.78307497e-003,+1.85301378e+000,+1.19432399e+001,+4.68833382e-002,+3.45590595e+000,+6.78307497e-003,+1.85429659e+000,+3.86233357e+002,+1.19432399e+001,+4.68833382e-002,+1.38581975e-004,+3.79021785e-002,+6.10608863e-001,+4.07864688e-002,+6.10608863e-001,+4.07864689e-002,+6.11969542e-001,+6.11969542e-001,                ,                ,                ,                ,                ,                ,+1.38647355e-004,+9.59733451e-004,+9.60184461e-004
+6.59501709e+011,+3.45541602e+000,+6.26812994e-003,+1.73157986e+000,+1.19398606e+001,+4.33179933e-002,+3.45541602e+000,+6.26812994e-003,+1.73277861e+000,+3.86855146e+002,+1.19398606e+001,+4.33179933e-002,+1.27468529e-004,+3.52540032e-002,+6.78967522e-001,-2.82824529e-002,+6.78967522e-001,-2.82824529e-002,+6.79556320e-001,+6.79556321e-001,                ,                ,                ,                ,                ,                ,+1.27527355e-004,+8.82512308e-004,+8.82918113e-004
+6.66829506e+011,+3.45472627e+000,+6.17369041e-003,+1.72444070e+000,+1.19350955e+001,+4.26568208e-002,+3.45472627e+000,+6.17369041e-003,+1.72563451e+000,+3.85409498e+002,+1.19350955e+001,+4.26568208e-002,+1.21733075e-004,+3.40414854e-002,+7.51688616e-001,-1.46079756e-001,+7.51688616e-001,-1.46079756e-001,+7.65751311e-001,+7.65751311e-001,                ,                ,                ,                ,                ,                ,+1.21788010e-004,+8.42612670e-004,+8.42991556e-004
+6.74157303e+011,+3.45471428e+000,+5.58545352e-003,+1.57727818e+000,+1.19350196e+001,+3.85922920e-002,+3.45471428e+000,+5.58545352e-003,+1.57837010e+000,+3.85314594e+002,+1.19350196e+001,+3.85922920e-002,+1.13963461e-004,+3.22186808e-002,+7.96340937e-001,-3.39315401e-001,+7.96340937e-001,-3.39315401e-001,+8.65617600e-001,+8.65617600e-001,                ,                ,                ,                ,                ,                ,+1.14013781e-004,+7.88696032e-004,+7.89043152e-004
+6.81485100e+011,+3.45444407e+000,+5.47847340e-003,+1.56388398e+000,+1.19331538e+001,+3.78501599e-002,+3.45444407e+000,+5.47847340e-003,+1.56496664e+000,+3.84319687e+002,+1.19331538e+001,+3.78501599e-002,+1.11207779e-004,+3.17810527e-002,+7.31647824e-001,-5.84661263e-001,+7.31647824e-001,-5.84661263e-001,+9.36556102e-001,+9.36556102e-001,                ,                ,                ,                ,                ,                ,+1.11255823e-004,+7.69541130e-004,+7.69872537e-004
+6.88812896e+011,+3.45460486e+000,+4.91551953e-003,+1.41827127e+000,+1.19342706e+001,+3.39623553e-002,+3.45460486e+000,+4.91551953e-003,+1.41925312e+000,+3.83650603e+002,+1.19342706e+001,+3.39623553e-002,+1.11246528e-004,+3.21336851e-002,+5.25145165e-001,-7.80196493e-001,+5.25145165e-001,-7.80196493e-001,+9.40470102e-001,+9.40470102e-001,                ,                ,                ,                ,                ,                ,+1.11293577e-004,+7.69719723e-004,+7.70044336e-004
+6.96140693e+011,+3.45460840e+000,+4.57863698e-003,+1.33512474e+000,+1.19342983e+001,+3.16347956e-002,+3.45460840e+000,+4.57863698e-003,+1.33604902e+000,+3.83370190e+002,+1.19342983e+001,+3.16347956e-002,+1.14300003e-004,+3.33666251e-002,+2.71688815e-001,-8.25940556e-001,+2.71688815e-001,-8.25940556e-001,+8.69478357e-001,+8.69478357e-001,                ,                ,                ,                ,                ,                ,+1.14347349e-004,+7.90770613e-004,+7.91097299e-004
+7.03468490e+011,+3.45568610e+000,+4.37188725e-003,+1.28825611e+000,+1.19417473e+001,+3.02157400e-002,+3.45568610e+000,+4.37188725e-003,+1.28914795e+000,+3.81045715e+002,+1.19417473e+001,+3.02157400e-002,+1.25169383e-004,+3.69239257e-002,+7.55101084e-002,-7.64257545e-001,+7.55101085e-002,-7.64257545e-001,+7.67978757e-001,+7.67978757e-001,                ,                ,                ,                ,                ,                ,+1.25220104e-004,+8.66187090e-004,+8.66537194e-004
+7.10796287e+011,+3.45546797e+000,+4.54045474e-003,+1.35186434e+000,+1.19402383e+001,+3.13787919e-002,+3.45546797e+000,+4.54045474e-003,+1.35280021e+000,+3.81747549e+002,+1.19402383e+001,+3.13787919e-002,+1.30387051e-004,+3.88634417e-002,-3.40339662e-002,-6.78085804e-001,-3.40339662e-002,-6.78085804e-001,+6.78939370e-001,+6.78939370e-001,                ,                ,                ,                ,                ,                ,+1.30438846e-004,+9.02281058e-004,+9.02638540e-004
+7.18124083e+011,+3.45556330e+000,+5.46453985e-003,+1.64377245e+000,+1.19408879e+001,+3.77661267e-002,+3.45556330e+000,+5.46453985e-003,+1.64491041e+000,+3.81476431e+002,+1.19408879e+001,+3.77661267e-002,+1.38141310e-004,+4.15988414e-002,-9.46003043e-002,-6.01848175e-001,-9.46003043e-002,-6.01848175e-001,+6.09237592e-001,+6.09237592e-001,                ,                ,                ,                ,                ,                ,+1.38195080e-004,+9.56222428e-004,+9.56593453e-004
+7.25451880e+011,+3.45502802e+000,+4.61372762e-003,+1.40200374e+000,+1.19371973e+001,+3.18811164e-002,+3.45502802e+000,+4.61372762e-003,+1.40297433e+000,+3.78989637e+002,+1.19371973e+001,+3.18811164e-002,+1.50061541e-004,+4.56491535e-002,-1.32624416e-001,-5.50569292e-001,-1.32624416e-001,-5.50569292e-001,+5.66317739e-001,+5.66317739e-001,                ,                ,                ,                ,                ,                ,+1.50118756e-004,+1.03831887e-003,+1.03871370e-003
+7.32779677e+011,+3.45325377e+000,+4.33843631e-003,+1.33166582e+000,+1.19249428e+001,+2.99634431e-002,+3.45325377e+000,+4.33843631e-003,+1.33258771e+000,+3.79302402e+002,+1.19249428e+001,+2.99634431e-002,+1.52311763e-004,+4.68013494e-002,-1.56812504e-001,-5.17093879e-001,-1.56812504e-001,-5.17093879e-001,+5.40348259e-001,+5.40348259e-001,                ,                ,                ,                ,                ,                ,+1.52368713e-004,+1.05326442e-003,+1.05365725e-003
+7.40107474e+011,+3.45652624e+000,+3.07420138e-003,+9.53050058e-001,+1.19475642e+001,+2.12521155e-002,+3.45652624e+000,+3.07420138e-003,+9.53709841e-001,+3.76552794e+002,+1.19475642e+001,+2.12521155e-002,+1.61022726e-004,+4.99723947e-002,-1.86936443e-001,-4.95133147e-001,-1.86936443e-001,-4.95133147e-001,+5.29246698e-001,+5.29246698e-001,                ,                ,                ,                ,                ,                ,+1.61081702e-004,+1.11414895e-003,+1.11455630e-003
+7.47435270e+011,+3.45751717e+000,+4.77510323e-003,+1.49501298e+000,+1.19544022e+001,+3.30200028e-002,+3.45751717e+000,+4.77510323e-003,+1.49604795e+000,+3.69612676e+002,+1.19544022e+001,+3.30200028e-002,+1.81590142e-004,+5.69129250e-002,-2.15113846e-001,-4.84979378e-001,-2.15113846e-001,-4.84979379e-001,+5.30545912e-001,+5.30545912e-001,                ,                ,                ,                ,                ,                ,+1.81655335e-004,+1.25743691e-003,+1.25788710e-003
+7.54763067e+011,+3.45129306e+000,+7.42177269e-003,+2.34642620e+000,+1.19113687e+001,+5.12294252e-002,+3.45129306e+000,+7.42177269e-003,+2.34805059e+000,+3.55160157e+002,+1.19113687e+001,+5.12294252e-002,+2.33799270e-004,+7.39939159e-002,-2.38975236e-001,-4.85471506e-001,-2.38975236e-001,-4.85471506e-001,+5.41102344e-001,+5.41102344e-001,                ,                ,                ,                ,                ,                ,+2.33881683e-004,+1.61729123e-003,+1.61785887e-003
+7.62090864e+011,+3.45496512e+000,+3.47362757e-003,+1.10886485e+000,+1.19367719e+001,+2.40025242e-002,+3.45496512e+000,+3.47362757e-003,+1.10963250e+000,+3.73596353e+002,+1.19367719e+001,+2.40025242e-002,+1.54682341e-004,+4.94295494e-002,-2.99646306e-001,-5.04963314e-001,-2.99646306e-001,-5.04963314e-001,+5.87176172e-001,+5.87176172e-001,                ,                ,                ,                ,                ,                ,+1.54735775e-004,+1.06991917e-003,+1.07028803e-003
+7.69418661e+011,+3.45546710e+000,+4.09661924e-003,+1.32031308e+000,+1.19402361e+001,+2.83114660e-002,+3.45546710e+000,+4.09661924e-003,+1.32122711e+000,+3.73096502e+002,+1.19402361e+001,+2.83114660e-002,+1.46539954e-004,+4.72775632e-002,-3.78841660e-001,-5.18439730e-001,-3.78841660e-001,-5.18439730e-001,+6.42106500e-001,+6.42106500e-001,                ,                ,                ,                ,                ,                ,+1.46589616e-004,+1.01392903e-003,+1.01427183e-003
+7.76746458e+011,+3.45499581e+000,+5.30812534e-003,+1.72706650e+000,+1.19369679e+001,+3.66791016e-002,+3.45499581e+000,+5.30812534e-003,+1.72826212e+000,+3.74773972e+002,+1.19369679e+001,+3.66791016e-002,+1.32643698e-004,+4.32015633e-002,-4.90990909e-001,-5.17301443e-001,-4.90990909e-001,-5.17301443e-001,+7.13213051e-001,+7.13213051e-001,                ,                ,                ,                ,                ,                ,+1.32687808e-004,+9.17975492e-004,+9.18279822e-004
+7.84074254e+011,+3.45523025e+000,+4.75440835e-003,+1.56150106e+000,+1.19385935e+001,+3.28551511e-002,+3.45523025e+000,+4.75440835e-003,+1.56258206e+000,+3.72349456e+002,+1.19385935e+001,+3.28551511e-002,+1.29071820e-004,+4.24345383e-002,-6.53246682e-001,-4.80637370e-001,-6.53246682e-001,-4.80637370e-001,+8.11013877e-001,+8.11013877e-001,                ,                ,                ,                ,                ,                ,+1.29113938e-004,+8.93173433e-004,+8.93464087e-004
+7.91402051e+011,+3.45464519e+000,+5.07140806e-003,+1.68118047e+000,+1.19345477e+001,+3.50398309e-002,+3.45464519e+000,+5.07140806e-003,+1.68234433e+000,+3.72866319e+002,+1.19345477e+001,+3.50398309e-002,+1.21066772e-004,+4.01744827e-002,-8.27862370e-001,-3.48700064e-001,-8.27862370e-001,-3.48700064e-001,+8.98302755e-001,+8.98302755e-001,                ,                ,                ,                ,                ,                ,+1.21105526e-004,+8.37713833e-004,+8.37981204e-004
+7.98729848e+011,+3.45476056e+000,+5.15797752e-003,+1.72571061e+000,+1.19353439e+001,+3.56391546e-002,+3.45476056e+000,+5.15797752e-003,+1.72690529e+000,+3.72035616e+002,+1.19353439e+001,+3.56391546e-002,+1.19575222e-004,+4.00467271e-002,-9.36158867e-001,-9.96867810e-002,-9.36158867e-001,-9.96867810e-002,+9.41451474e-001,+9.41451474e-001,                ,                ,                ,                ,                ,                ,+1.19612882e-004,+8.27441445e-004,+8.27701264e-004
+8.06057645e+011,+3.45373589e+000,+4.37000761e-003,+1.47549215e+000,+1.19282725e+001,+3.01857043e-002,+3.45373589e+000,+4.37000761e-003,+1.47651361e+000,+3.70513256e+002,+1.19282725e+001,+3.01857043e-002,+1.23286283e-004,+4.16681349e-002,-9.01991006e-001,+1.63822250e-001,-9.01991005e-001,+1.63822250e-001,+9.16747241e-001,+9.16747241e-001,                ,                ,                ,                ,                ,                ,+1.23324340e-004,+8.52674378e-004,+8.52936921e-004
+8.13385441e+011,+3.45420380e+000,+3.48153036e-003,+1.18619255e+000,+1.19315118e+001,+2.40518308e-002,+3.45420380e+000,+3.48153036e-003,+1.18701373e+000,+3.71001742e+002,+1.19315118e+001,+2.40518308e-002,+1.26107188e-004,+4.30087881e-002,-7.54473025e-001,+3.53214748e-001,-7.54473025e-001,+3.53214748e-001,+8.33060744e-001,+8.33060744e-001,                ,                ,                ,                ,                ,                ,+1.26145467e-004,+8.72078217e-004,+8.72342397e-004
+8.20713238e+011,+3.45542038e+000,+3.46614792e-003,+1.19159080e+000,+1.19399180e+001,+2.39539963e-002,+3.45542038e+000,+3.46614792e-003,+1.19241572e+000,+3.70165853e+002,+1.19399180e+001,+2.39539963e-002,+1.35318072e-004,+4.65656565e-002,-5.89194215e-001,+4.31652688e-001,-5.89194215e-001,+4.31652688e-001,+7.30392954e-001,+7.30392954e-001,                ,                ,                ,                ,                ,                ,+1.35358374e-004,+9.36099991e-004,+9.36378237e-004
+8.28041035e+011,+3.45361623e+000,+4.26801317e-003,+1.48035617e+000,+1.19274469e+001,+2.94801591e-002,+3.45361623e+000,+4.26801317e-003,+1.48138100e+000,+3.69810998e+002,+1.19274469e+001,+2.94801591e-002,+1.43819446e-004,+4.99327799e-002,-4.76571998e-001,+4.43619257e-001,-4.76571998e-001,+4.43619257e-001,+6.51090558e-001,+6.51090558e-001,                ,                ,                ,                ,                ,                ,+1.43861546e-004,+9.94622355e-004,+9.94912790e-004
+8.35368832e+011,+3.45444841e+000,+3.50447279e-003,+1.22627978e+000,+1.19332015e+001,+2.42120408e-002,+3.45444841e+000,+3.50447279e-003,+1.22712872e+000,+3.69258903e+002,+1.19332015e+001,+2.42120408e-002,+1.52311213e-004,+5.33487405e-002,-3.90292893e-001,+4.46448354e-001,-3.90292893e-001,+4.46448354e-001,+5.92996353e-001,+5.92996353e-001,                ,                ,                ,                ,                ,                ,+1.52355011e-004,+1.05337030e-003,+1.05367259e-003
+8.42696628e+011,+3.45361959e+000,+1.61074826e-003,+5.68574707e-001,+1.19274857e+001,+1.11258235e-002,+3.45361959e+000,+1.61074826e-003,+5.68968323e-001,+3.68970189e+002,+1.19274857e+001,+1.11258235e-002,+1.57503723e-004,+5.56511269e-002,-3.36809647e-001,+4.46956480e-001,-3.36809647e-001,+4.46956480e-001,+5.59652422e-001,+5.59652422e-001,                ,                ,                ,                ,                ,                ,+1.57548236e-004,+1.08842343e-003,+1.08873075e-003
+8.50024425e+011,+3.45769757e+000,+3.79594316e-003,+1.35157365e+000,+1.19556581e+001,+2.62504469e-002,+3.45769757e+000,+3.79594316e-003,+1.35250932e+000,+3.67769917e+002,+1.19556581e+001,+2.62504469e-002,+1.65300212e-004,+5.89134558e-002,-2.88693519e-001,+4.45458692e-001,-2.88693519e-001,+4.45458692e-001,+5.30827085e-001,+5.30827085e-001,                ,                ,                ,                ,                ,                ,+1.65346091e-004,+1.14437157e-003,+1.14468850e-003
+8.57352222e+011,+3.45524062e+000,+6.31493714e-003,+2.26786354e+000,+1.19386478e+001,+4.36392546e-002,+3.45524062e+000,+6.31493714e-003,+2.26943355e+000,+3.68678081e+002,+1.19386478e+001,+4.36392546e-002,+1.62998285e-004,+5.85935766e-002,-2.64293105e-001,+4.50038778e-001,-2.64293105e-001,+4.50038778e-001,+5.21905880e-001,+5.21905880e-001,                ,                ,                ,                ,                ,                ,+1.63042779e-004,+1.12845580e-003,+1.12876271e-003
+8.64680019e+011,+3.45532383e+000,+4.30894701e-003,+1.56068475e+000,+1.19392442e+001,+2.97776146e-002,+3.45532383e+000,+4.30894701e-003,+1.56176519e+000,+3.66991688e+002,+1.19392442e+001,+2.97776146e-002,+1.63977858e-004,+5.94492448e-002,-2.45141762e-001,+4.76315673e-001,-2.45141762e-001,+4.76315673e-001,+5.35696839e-001,+5.35696839e-001,                ,                ,                ,                ,                ,                ,+1.64021869e-004,+1.13460672e-003,+1.13491049e-003
+8.72007816e+011,+3.45428831e+000,+7.31968281e-003,+2.67362965e+000,+1.19320541e+001,+5.05685894e-002,+3.45428831e+000,+7.31968281e-003,+2.67548056e+000,+3.66944584e+002,+1.19320541e+001,+5.05685894e-002,+1.59423959e-004,+5.82878048e-002,-2.21051812e-001,+5.06743558e-001,-2.21051812e-001,+5.06743558e-001,+5.52858877e-001,+5.52858877e-001,                ,                ,                ,                ,                ,                ,+1.59466022e-004,+1.10372712e-003,+1.10401710e-003
+8.79335612e+011,+3.45397245e+000,+4.70060671e-003,+1.73139910e+000,+1.19299036e+001,+3.24715322e-002,+3.45397245e+000,+4.70060671e-003,+1.73259772e+000,+3.66695504e+002,+1.19299036e+001,+3.24715322e-002,+1.50648114e-004,+5.55418425e-002,-2.00043815e-001,+5.66940519e-001,-2.00043815e-001,+5.66940519e-001,+6.01198037e-001,+6.01198037e-001,                ,                ,                ,                ,                ,                ,+1.50687233e-004,+1.04208551e-003,+1.04235538e-003
+8.86663409e+011,+3.45426640e+000,+5.42562049e-003,+2.01510095e+000,+1.19319270e+001,+3.74830771e-002,+3.45426640e+000,+5.42562049e-003,+2.01649598e+000,+3.64394323e+002,+1.19319270e+001,+3.74830771e-002,+1.47523014e-004,+5.48426701e-002,-1.51114507e-001,+6.43926205e-001,-1.51114507e-001,+6.43926205e-001,+6.61420103e-001,+6.61420103e-001,                ,                ,                ,                ,                ,                ,+1.47560679e-004,+1.02076880e-003,+1.02102860e-003
+8.93991206e+011,+3.45418234e+000,+4.81517215e-003,+1.80315755e+000,+1.19313524e+001,+3.32649652e-002,+3.45418234e+000,+4.81517215e-003,+1.80440585e+000,+3.65373711e+002,+1.19313524e+001,+3.32649652e-002,+1.34522604e-004,+5.04227679e-002,-6.60974865e-002,+7.44229457e-001,-6.60974866e-002,+7.44229457e-001,+7.47158861e-001,+7.47158861e-001,                ,                ,                ,                ,                ,                ,+1.34556374e-004,+9.30627030e-004,+9.30859998e-004
+9.01319003e+011,+3.45445740e+000,+4.37890172e-003,+1.65322641e+000,+1.19332568e+001,+3.02534590e-002,+3.45449056e+000,+4.41509064e-003,+1.66804327e+000,+3.63662089e+002,+1.19334855e+001,+3.05037779e-002,+1.29829648e-004,+4.90624084e-002,+9.57828708e-002,+8.42014460e-001,+9.57828708e-002,+8.42014460e-001,+8.47444812e-001,+8.47444812e-001,                ,                ,                ,                ,                ,                ,+1.29861727e-004,+8.98137287e-004,+8.98358639e-004
+9.08646799e+011,+3.45479877e+000,+4.01500914e-003,+1.52816500e+000,+1.19356184e+001,+2.77420973e-002,+3.45479877e+000,+4.01500914e-003,+1.52922293e+000,+3.63066710e+002,+1.19356184e+001,+2.77420973e-002,+1.25221220e-004,+4.77054291e-002,+3.45940733e-001,+8.63699380e-001,+3.45940733e-001,+8.63699380e-001,+9.30404003e-001,+9.30404003e-001,                ,                ,                ,                ,                ,                ,+1.25251676e-004,+8.66234008e-004,+8.66444199e-004
+9.15974596e+011,+3.45499704e+000,+3.93622082e-003,+1.51025921e+000,+1.19369891e+001,+2.71992626e-002,+3.45498979e+000,+3.86903975e-003,+1.48551069e+000,+3.62287940e+002,+1.19369395e+001,+2.67349857e-002,+1.25394324e-004,+4.81564372e-002,+5.96852953e-001,+7.30204021e-001,+5.96852953e-001,+7.30204021e-001,+9.43096686e-001,+9.43096686e-001,                ,                ,                ,                ,                ,                ,+1.25424321e-004,+8.67442764e-004,+8.67649809e-004
+9.23302393e+011,+3.45518081e+000,+3.72307036e-003,+1.43990491e+000,+1.19382606e+001,+2.57277625e-002,+3.45518081e+000,+3.72307036e-003,+1.44090174e+000,+3.61229630e+002,+1.19382606e+001,+2.57277625e-002,+1.30550920e-004,+5.05376734e-002,+7.25497326e-001,+4.98373017e-001,+7.25497325e-001,+4.98373017e-001,+8.80182955e-001,+8.80182955e-001,                ,                ,                ,                ,                ,                ,+1.30581641e-004,+9.03126395e-004,+9.03338462e-004
+9.30630190e+011,+3.45506315e+000,+3.64409794e-003,+1.42054759e+000,+1.19374481e+001,+2.51811770e-002,+3.45506315e+000,+3.64409794e-003,+1.42153101e+000,+3.61331447e+002,+1.19374481e+001,+2.51811770e-002,+1.36303647e-004,+5.31831973e-002,+7.26827656e-001,+2.91938647e-001,+7.26827656e-001,+2.91938647e-001,+7.83266631e-001,+7.83266631e-001,                ,                ,                ,                ,                ,                ,+1.36335246e-004,+9.42869051e-004,+9.43087174e-004
+9.37957986e+011,+3.45558937e+000,+4.03588388e-003,+1.58566214e+000,+1.19410816e+001,+2.78927148e-002,+3.45558937e+000,+4.03588388e-003,+1.58675987e+000,+3.60955546e+002,+1.19410816e+001,+2.78927148e-002,+1.45580297e-004,+5.72498239e-002,+6.71651486e-001,+1.50173112e-001,+6.71651486e-001,+1.50173112e-001,+6.88235194e-001,+6.88235194e-001,                ,                ,                ,                ,                ,                ,+1.45613489e-004,+1.00730681e-003,+1.00753594e-003
+9.45285783e+011,+3.45490413e+000,+3.53760517e-003,+1.40075150e+000,+1.19363501e+001,+2.44441734e-002,+3.45490413e+000,+3.53760517e-003,+1.40172122e+000,+3.59566211e+002,+1.19363501e+001,+2.44441734e-002,+1.57178819e-004,+6.22936514e-002,+6.18330335e-001,+6.71846572e-002,+6.18330335e-001,+6.71846571e-002,+6.21969599e-001,+6.21969599e-001,                ,                ,                ,                ,                ,                ,+1.57214102e-004,+1.08718783e-003,+1.08743138e-003
+9.52613580e+011,+3.45527147e+000,+4.69223381e-003,+1.87234132e+000,+1.19388789e+001,+3.24258833e-002,+3.45527147e+000,+4.69223381e-003,+1.87363752e+000,+3.59942620e+002,+1.19388789e+001,+3.24258833e-002,+1.63666962e-004,+6.53676557e-002,+5.68486544e-001,+1.43943347e-002,+5.68486544e-001,+1.43943348e-002,+5.68668750e-001,+5.68668750e-001,                ,                ,                ,                ,                ,                ,+1.63703129e-004,+1.13256384e-003,+1.13281343e-003
+9.59941377e+011,+3.45539155e+000,+3.32430989e-003,+1.33670269e+000,+1.19397197e+001,+2.29735846e-002,+3.45539155e+000,+3.32430989e-003,+1.33762807e+000,+3.58688212e+002,+1.19397197e+001,+2.29735846e-002,+1.71591208e-004,+6.90594981e-002,+5.41540637e-001,-2.41579528e-002,+5.41540637e-001,-2.41579529e-002,+5.42079208e-001,+5.42079208e-001,                ,                ,                ,                ,                ,                ,+1.71628555e-004,+1.18697071e-003,+1.18722856e-003
+9.67269173e+011,+3.45441165e+000,+4.25922525e-003,+1.72570503e+000,+1.19329417e+001,+2.94262346e-002,+3.45441165e+000,+4.25922525e-003,+1.72689971e+000,+3.57090099e+002,+1.19329417e+001,+2.94262346e-002,+1.79049599e-004,+7.26110980e-002,+5.23964430e-001,-5.02372225e-002,+5.23964430e-001,-5.02372225e-002,+5.26367270e-001,+5.26367270e-001,                ,                ,                ,                ,                ,                ,+1.79088004e-004,+1.23854759e-003,+1.23881260e-003
+9.74596970e+011,+3.45505353e+000,+3.66977663e-003,+1.49814310e+000,+1.19373814e+001,+2.53585494e-002,+3.45515898e+000,+3.50796350e-003,+1.43307620e+000,+3.56390798e+002,+1.19381113e+001,+2.42411432e-002,+1.79586303e-004,+7.33802421e-002,+5.22309613e-001,-8.02526171e-002,+5.22309613e-001,-8.02526171e-002,+5.28439036e-001,+5.28439036e-001,                ,                ,                ,                ,                ,                ,+1.79624231e-004,+1.24225869e-003,+1.24252052e-003
+9.81924767e+011,+3.45590632e+000,+2.75670175e-003,+1.13385261e+000,+1.19432809e+001,+1.90538060e-002,+3.45590632e+000,+2.75670175e-003,+1.13463756e+000,+3.53713974e+002,+1.19432809e+001,+1.90538060e-002,+1.83144776e-004,+7.53966845e-002,+5.35256951e-001,-1.15412316e-001,+5.35256951e-001,-1.15412316e-001,+5.47558222e-001,+5.47558222e-001,                ,                ,                ,                ,                ,                ,+1.83182876e-004,+1.26687234e-003,+1.26713547e-003
+9.89252564e+011,+3.45384854e+000,+4.61935021e-003,+1.91415315e+000,+1.19290484e+001,+3.19090720e-002,+3.45384854e+000,+4.61935021e-003,+1.91547829e+000,+3.40426400e+002,+1.19290484e+001,+3.19090720e-002,+2.27409644e-004,+9.43179375e-002,+5.51189834e-001,-1.55058447e-001,+5.51189834e-001,-1.55058447e-001,+5.72584801e-001,+5.72584801e-001,                ,                ,                ,                ,                ,                ,+2.27456289e-004,+1.57297833e-003,+1.57330011e-003
+9.96580361e+011,+3.45471177e+000,+3.83199391e-003,+1.59965285e+000,+1.19350187e+001,+2.64768689e-002,+3.45471177e+000,+3.83199391e-003,+1.60076026e+000,+3.52817595e+002,+1.19350187e+001,+2.64768689e-002,+1.68604619e-004,+7.04463913e-002,+5.86229551e-001,-2.23735214e-001,+5.86229551e-001,-2.23735214e-001,+6.27473133e-001,+6.27473133e-001,                ,                ,                ,                ,                ,                ,+1.68638708e-004,+1.16625317e-003,+1.16648844e-003
